status	locus	mouse	v_call	sequence
Unimmunized	IGH	B18-383	IGHV1-62-3*01,IGHV1-72*01	8
Unimmunized	IGH	B18-383	IGHV1-62-3*01,IGHV1-72*01,IGHV1-72*04	1
Unimmunized	IGH	B18-383	IGHV1-72*01	14798
Unimmunized	IGH	B18-383	IGHV1-72*01,IGHV1-72*04	1
Unimmunized	IGH	HA-uMT	IGHV1-18*01	36
Unimmunized	IGH	HA-uMT	IGHV1-18*01,IGHV1-22*01	4
Unimmunized	IGH	HA-uMT	IGHV1-18*01,IGHV1-22*01,IGHV1-26*01	13
Unimmunized	IGH	HA-uMT	IGHV1-22*01	12
Unimmunized	IGH	HA-uMT	IGHV1-26*01	2
Unimmunized	IGH	HA-uMT	IGHV1-63*02	2
Unimmunized	IGH	HA-uMT	IGHV1S22*01	9
Unimmunized	IGH	HA-uMT	IGHV5-6*01,IGHV5-6-1*01	25766
Unimmunized	IGH	HA-uMT	IGHV5-6*02	54
Unimmunized	IGK	B18-383	IGKV10-94*01	6
Unimmunized	IGK	B18-383	IGKV10-94*01,IGKV10-94*02	1
Unimmunized	IGK	B18-383	IGKV12-41*01	4
Unimmunized	IGK	B18-383	IGKV12-41*01,IGKV12-41*02	1
Unimmunized	IGK	B18-383	IGKV12-46*01	1
Unimmunized	IGK	B18-383	IGKV12-89*01	18
Unimmunized	IGK	B18-383	IGKV14-111*01	1
Unimmunized	IGK	B18-383	IGKV15-103*01	4
Unimmunized	IGK	B18-383	IGKV3-10*01	36
Unimmunized	IGK	B18-383	IGKV3-5*01	5
Unimmunized	IGK	B18-383	IGKV4-57*01	3
Unimmunized	IGK	B18-383	IGKV4-57-1*01	3
Unimmunized	IGK	B18-383	IGKV4-61*01	1
Unimmunized	IGK	B18-383	IGKV4-68*01	1
Unimmunized	IGK	B18-383	IGKV4-74*01	14679
Unimmunized	IGK	B18-383	IGKV5-39*01	9
Unimmunized	IGK	B18-383	IGKV6-14*01	20
Unimmunized	IGK	B18-383	IGKV6-15*01	1
Unimmunized	IGK	B18-383	IGKV8-30*01	2
Unimmunized	IGK	B18-383	IGKV9-124*01	3
Unimmunized	IGK	HA-uMT	IGKV1-110*01	9
Unimmunized	IGK	HA-uMT	IGKV12-89*01	67
Unimmunized	IGK	HA-uMT	IGKV15-103*01	2
Unimmunized	IGK	HA-uMT	IGKV8-19*01	25797
