status	locus	mouse	v_call	sequence
Unimmunized	IGH	B18-383	IGHV1-62-3*01,IGHV1-72*01	4
Unimmunized	IGH	B18-383	IGHV1-72*01	4101
Unimmunized	IGH	B18-383	IGHV1-72*01,IGHV1-72*04	1
Unimmunized	IGH	HA-uMT	IGHV1-26*01	1
Unimmunized	IGH	HA-uMT	IGHV1S22*01	1
Unimmunized	IGH	HA-uMT	IGHV5-6*01,IGHV5-6-1*01	4473
Unimmunized	IGH	HA-uMT	IGHV5-6*02	47
Unimmunized	IGK	B18-383	IGKV10-94*01	1
Unimmunized	IGK	B18-383	IGKV10-94*01,IGKV10-94*02	1
Unimmunized	IGK	B18-383	IGKV12-41*01	1
Unimmunized	IGK	B18-383	IGKV12-89*01	4
Unimmunized	IGK	B18-383	IGKV15-103*01	2
Unimmunized	IGK	B18-383	IGKV3-10*01	24
Unimmunized	IGK	B18-383	IGKV3-5*01	2
Unimmunized	IGK	B18-383	IGKV4-57*01	1
Unimmunized	IGK	B18-383	IGKV4-57-1*01	2
Unimmunized	IGK	B18-383	IGKV4-61*01	1
Unimmunized	IGK	B18-383	IGKV4-74*01	4033
Unimmunized	IGK	B18-383	IGKV5-39*01	2
Unimmunized	IGK	B18-383	IGKV6-14*01	5
Unimmunized	IGK	B18-383	IGKV6-15*01	1
Unimmunized	IGK	HA-uMT	IGKV1-110*01	1
Unimmunized	IGK	HA-uMT	IGKV12-89*01	1
Unimmunized	IGK	HA-uMT	IGKV8-19*01	4480
