status	locus	mouse	v_call	sequence
Unimmunized	IGH	B18-383	IGHV1-62-3*01,IGHV1-72*01	1
Unimmunized	IGH	B18-383	IGHV1-72*01	706
Unimmunized	IGH	HA-uMT	IGHV1-18*01	36
Unimmunized	IGH	HA-uMT	IGHV1-18*01,IGHV1-22*01	4
Unimmunized	IGH	HA-uMT	IGHV1-18*01,IGHV1-22*01,IGHV1-26*01	13
Unimmunized	IGH	HA-uMT	IGHV1-22*01	12
Unimmunized	IGH	HA-uMT	IGHV1-26*01	1
Unimmunized	IGH	HA-uMT	IGHV1-63*02	1
Unimmunized	IGH	HA-uMT	IGHV1S22*01	6
Unimmunized	IGH	HA-uMT	IGHV5-6*01,IGHV5-6-1*01	10301
Unimmunized	IGH	HA-uMT	IGHV5-6*02	6
Unimmunized	IGK	B18-383	IGKV12-41*01	1
Unimmunized	IGK	B18-383	IGKV12-89*01	1
Unimmunized	IGK	B18-383	IGKV15-103*01	1
Unimmunized	IGK	B18-383	IGKV3-10*01	1
Unimmunized	IGK	B18-383	IGKV3-5*01	1
Unimmunized	IGK	B18-383	IGKV4-57*01	1
Unimmunized	IGK	B18-383	IGKV4-74*01	695
Unimmunized	IGK	B18-383	IGKV5-39*01	2
Unimmunized	IGK	B18-383	IGKV6-14*01	1
Unimmunized	IGK	B18-383	IGKV8-30*01	2
Unimmunized	IGK	B18-383	IGKV9-124*01	2
Unimmunized	IGK	HA-uMT	IGKV1-110*01	6
Unimmunized	IGK	HA-uMT	IGKV12-89*01	66
Unimmunized	IGK	HA-uMT	IGKV15-103*01	1
Unimmunized	IGK	HA-uMT	IGKV8-19*01	10323
