status	locus	mouse	v_call	sequence
Unimmunized	IGH	B18-383	IGHV1-62-3*01,IGHV1-72*01	3
Unimmunized	IGH	B18-383	IGHV1-62-3*01,IGHV1-72*01,IGHV1-72*04	1
Unimmunized	IGH	B18-383	IGHV1-72*01	9795
Unimmunized	IGH	HA-uMT	IGHV1-63*02	1
Unimmunized	IGH	HA-uMT	IGHV1S22*01	2
Unimmunized	IGH	HA-uMT	IGHV5-6*01,IGHV5-6-1*01	10970
Unimmunized	IGH	HA-uMT	IGHV5-6*02	1
Unimmunized	IGK	B18-383	IGKV10-94*01	1
Unimmunized	IGK	B18-383	IGKV12-41*01	2
Unimmunized	IGK	B18-383	IGKV12-41*01,IGKV12-41*02	1
Unimmunized	IGK	B18-383	IGKV12-46*01	1
Unimmunized	IGK	B18-383	IGKV12-89*01	1
Unimmunized	IGK	B18-383	IGKV14-111*01	1
Unimmunized	IGK	B18-383	IGKV15-103*01	1
Unimmunized	IGK	B18-383	IGKV3-10*01	5
Unimmunized	IGK	B18-383	IGKV3-5*01	2
Unimmunized	IGK	B18-383	IGKV4-57*01	1
Unimmunized	IGK	B18-383	IGKV4-57-1*01	1
Unimmunized	IGK	B18-383	IGKV4-68*01	1
Unimmunized	IGK	B18-383	IGKV4-74*01	9779
Unimmunized	IGK	B18-383	IGKV5-39*01	1
Unimmunized	IGK	B18-383	IGKV6-14*01	1
Unimmunized	IGK	HA-uMT	IGKV1-110*01	2
Unimmunized	IGK	HA-uMT	IGKV15-103*01	1
Unimmunized	IGK	HA-uMT	IGKV8-19*01	10971
