status	mouse	dataset	chain	sub_dataset	total	no_alignment	no_locus	no_locus_consensus	stopcodons	10X_chain_filtering	10X_Vgene_filtering	10X_Jgene_filtering
EarlyGC	B18-383	APC	VH	-	312	27.0	3.0		95.0	0.0	0.0	0.0
EarlyGC	B18-383	APC	VL	-	255	4.0			23.0	0.0	0.0	0.0
EarlyGC	B18-383	CGG	VH	-	128	4.0			39.0	0.0	0.0	0.0
EarlyGC	B18-383	CGG	VL	-	134	32.0			18.0	0.0	0.0	0.0
EarlyGC	B18-383	OVA	VH	-	158		1.0		55.0	0.0	0.0	0.0
EarlyGC	B18-383	OVA	VL	-	157				22.0	0.0	0.0	0.0
EarlyGC	HA-uMT	APC	VH	0-1	160	57.0			10.0	0.0	0.0	0.0
EarlyGC	HA-uMT	APC	VL	0-1	159	10.0			25.0	0.0	0.0	0.0
EarlyGC	HA-uMT	CGG	VH	0-1	65	1.0			11.0	0.0	0.0	0.0
EarlyGC	HA-uMT	CGG	VL	0-1	206	1.0			37.0	0.0	0.0	0.0
EarlyGC	HA-uMT	OVA	VH	0-1	109	46.0			5.0	0.0	0.0	0.0
EarlyGC	HA-uMT	OVA	VL	0-1	104	10.0			10.0	0.0	0.0	0.0
LateGC	B18-383	APC	VH	-	130				35.0	0.0	0.0	0.0
LateGC	B18-383	APC	VL	-	122				10.0	0.0	0.0	0.0
LateGC	B18-383	CGG	VH	-	79				30.0	0.0	0.0	0.0
LateGC	B18-383	CGG	VL	-	97				18.0	0.0	0.0	0.0
LateGC	B18-383	OVA	VH	-	234				88.0	0.0	0.0	0.0
LateGC	B18-383	OVA	VL	-	280				62.0	0.0	0.0	0.0
LateGC	B18-383	OVA-CTLA4	VH	-	203				78.0	0.0	0.0	0.0
LateGC	B18-383	OVA-CTLA4	VL	-	273				92.0	0.0	0.0	0.0
LateGC	B18-383	OVA-Isotype	VH	-	254				95.0	0.0	0.0	0.0
LateGC	B18-383	OVA-Isotype	VL	-	313				27.0	0.0	0.0	0.0
LateGC	HA-WT	APC	VH	1-1	59				29.0	0.0	0.0	0.0
LateGC	HA-WT	APC	VH	1-100	191				112.0	0.0	0.0	0.0
LateGC	HA-WT	APC	VH	1-1000	65				38.0	0.0	0.0	0.0
LateGC	HA-WT	APC	VL	1-1	67				5.0	0.0	0.0	0.0
LateGC	HA-WT	APC	VL	1-100	218				61.0	0.0	0.0	0.0
LateGC	HA-WT	APC	VL	1-1000	80				22.0	0.0	0.0	0.0
LateGC	HA-WT	CGG	VH	1-1	99				51.0	0.0	0.0	0.0
LateGC	HA-WT	CGG	VH	1-100	156				90.0	0.0	0.0	0.0
LateGC	HA-WT	CGG	VH	1-1000	154				90.0	0.0	0.0	0.0
LateGC	HA-WT	CGG	VL	1-1	119				25.0	0.0	0.0	0.0
LateGC	HA-WT	CGG	VL	1-100	178			2.0	67.0	0.0	0.0	0.0
LateGC	HA-WT	CGG	VL	1-1000	167				35.0	0.0	0.0	0.0
LateGC	HA-WT	CGG-CTLA4	VH	1-1000	202				92.0	0.0	0.0	0.0
LateGC	HA-WT	CGG-CTLA4	VL	1-1000	217				37.0	0.0	0.0	0.0
LateGC	HA-WT	CGG-Isotype	VH	1-1000	62				32.0	0.0	0.0	0.0
LateGC	HA-WT	CGG-Isotype	VL	1-1000	62				5.0	0.0	0.0	0.0
LateGC	HA-WT	OVA	VH	1-1	100				63.0	0.0	0.0	0.0
LateGC	HA-WT	OVA	VH	1-100	220				125.0	0.0	0.0	0.0
LateGC	HA-WT	OVA	VH	1-1000	74				49.0	0.0	0.0	0.0
LateGC	HA-WT	OVA	VL	1-1	97				31.0	0.0	0.0	0.0
LateGC	HA-WT	OVA	VL	1-100	253				59.0	0.0	0.0	0.0
LateGC	HA-WT	OVA	VL	1-1000	83				12.0	0.0	0.0	0.0
LateGC	HA-uMT	APC	VH	0-1	89				61.0	0.0	0.0	0.0
LateGC	HA-uMT	APC	VL	0-1	89				14.0	0.0	0.0	0.0
LateGC	HA-uMT	CGG	VH	0-1	120				72.0	0.0	0.0	0.0
LateGC	HA-uMT	CGG	VL	0-1	120			3.0	10.0	0.0	0.0	0.0
LateGC	HA-uMT	OVA	VH	0-1	202				132.0	0.0	0.0	0.0
LateGC	HA-uMT	OVA	VL	0-1	202				19.0	0.0	0.0	0.0
LateGC	HA-uMT	OVA-CTLA4	VH	0-1	113				53.0	0.0	0.0	0.0
LateGC	HA-uMT	OVA-CTLA4	VL	0-1	109				34.0	0.0	0.0	0.0
LateGC	HA-uMT	OVA-Isotype	VH	0-1	81				27.0	0.0	0.0	0.0
LateGC	HA-uMT	OVA-Isotype	VL	0-1	80				2.0	0.0	0.0	0.0
Published	B18	Passenger	VH	-	12266		3.0	2.0		0.0	0.0	0.0
Unimmunized	B18-383	MLN	VH	rep1	511					9.0	0.0	1.0
Unimmunized	B18-383	MLN	VH	rep2	196					7.0	0.0	0.0
Unimmunized	B18-383	MLN	VL	rep1	510					8.0	6.0	0.0
Unimmunized	B18-383	MLN	VL	rep2	198					9.0	2.0	0.0
Unimmunized	B18-383	PP	VH	rep1	3279					79.0	0.0	2.0
Unimmunized	B18-383	PP	VH	rep2	827					38.0	0.0	1.0
Unimmunized	B18-383	PP	VL	rep1	3248					48.0	12.0	0.0
Unimmunized	B18-383	PP	VL	rep2	832					43.0	9.0	0.0
Unimmunized	B18-383	SPL	VH	rep1	4788					85.0	0.0	1.0
Unimmunized	B18-383	SPL	VH	rep2	5207					111.0	0.0	0.0
Unimmunized	B18-383	SPL	VL	rep1	4752					49.0	7.0	0.0
Unimmunized	B18-383	SPL	VL	rep2	5259					163.0	13.0	0.0
Unimmunized	HA-uMT	MLN	VH	rep1	182					6.0	0.0	0.0
Unimmunized	HA-uMT	MLN	VH	rep2	10198					33.0	73.0	0.0
Unimmunized	HA-uMT	MLN	VL	rep1	180					4.0	0.0	0.0
Unimmunized	HA-uMT	MLN	VL	rep2	10216					51.0	73.0	0.0
Unimmunized	HA-uMT	PP	VH	rep1	1376					102.0	0.0	0.0
Unimmunized	HA-uMT	PP	VH	rep2	3146					13.0	2.0	0.0
Unimmunized	HA-uMT	PP	VL	rep1	1334					60.0	0.0	0.0
Unimmunized	HA-uMT	PP	VL	rep2	3148					15.0	2.0	0.0
Unimmunized	HA-uMT	SPL	VH	rep1	1719					7.0	0.0	0.0
Unimmunized	HA-uMT	SPL	VH	rep2	9277					15.0	3.0	0.0
Unimmunized	HA-uMT	SPL	VL	rep1	1718					6.0	0.0	0.0
Unimmunized	HA-uMT	SPL	VL	rep2	9279					17.0	3.0	0.0
